wave	repo	prefix	group	source	target	source_sha256	target_sha256	status
1	/home/architit/work/Archivator_Agent	ARCHIVATOR_AGENT/Archivator_Agent	protocols	/home/architit/work/Archivator_Agent/memory/PROTOCOLS_LIST_2026-02-17.txt	/home/architit/work/Archivator_Agent/ARCHIVATOR_AGENT/Archivator_Agent/protocols/PROTOCOLS_LIST_2026-02-17.txt	ac5253b7b951b9f797a09a914f4a16e5163a74ec8612d70e41255c5068f88afd	ac5253b7b951b9f797a09a914f4a16e5163a74ec8612d70e41255c5068f88afd	OK
1	/home/architit/work/Archivator_Agent	ARCHIVATOR_AGENT/Archivator_Agent	contracts	/home/architit/work/Archivator_Agent/memory/CONTRACTS_LIST_2026-02-17.txt	/home/architit/work/Archivator_Agent/ARCHIVATOR_AGENT/Archivator_Agent/contracts/CONTRACTS_LIST_2026-02-17.txt	f778e7cc7f04a4477925cd84699f7d358cd23a8832590aa7c0470ad75a1f5c71	f778e7cc7f04a4477925cd84699f7d358cd23a8832590aa7c0470ad75a1f5c71	OK
1	/home/architit/work/Archivator_Agent	ARCHIVATOR_AGENT/Archivator_Agent	policies	/home/architit/work/Archivator_Agent/memory/POLICIES_LIST_2026-02-17.txt	/home/architit/work/Archivator_Agent/ARCHIVATOR_AGENT/Archivator_Agent/policies/POLICIES_LIST_2026-02-17.txt	ff49202b09cd139c8670f200670c6ecac6e4392e81a9433f17925b9cc9c13c85	ff49202b09cd139c8670f200670c6ecac6e4392e81a9433f17925b9cc9c13c85	OK
1	/home/architit/work/Archivator_Agent	ARCHIVATOR_AGENT/Archivator_Agent	atlas	/home/architit/work/Archivator_Agent/memory/ATLAS_LIST_2026-02-17.txt	/home/architit/work/Archivator_Agent/ARCHIVATOR_AGENT/Archivator_Agent/atlas/ATLAS_LIST_2026-02-17.txt	fe79ab3032971ad48fc2cfeb8d7e51f13ef8196f8152c29efb3c2e3c7941b821	fe79ab3032971ad48fc2cfeb8d7e51f13ef8196f8152c29efb3c2e3c7941b821	OK
1	/home/architit/work/Archivator_Agent	ARCHIVATOR_AGENT/Archivator_Agent	maps	/home/architit/work/Archivator_Agent/memory/MAPS_LIST_2026-02-17.txt	/home/architit/work/Archivator_Agent/ARCHIVATOR_AGENT/Archivator_Agent/maps/MAPS_LIST_2026-02-17.txt	d767d660f5a09f9b60fbfc98c4271f735509845725b6f3408fc5209447e5c37f	d767d660f5a09f9b60fbfc98c4271f735509845725b6f3408fc5209447e5c37f	OK
1	/home/architit/work/Archivator_Agent	ARCHIVATOR_AGENT/Archivator_Agent	chronologs	/home/architit/work/Archivator_Agent/memory/CHRONOLOGS_LIST_2026-02-17.txt	/home/architit/work/Archivator_Agent/ARCHIVATOR_AGENT/Archivator_Agent/chronologs/CHRONOLOGS_LIST_2026-02-17.txt	879e0f7f650ec067d33d4a2927e38d1a265ea3943d55c88aeaa7c3a8abcc2547	879e0f7f650ec067d33d4a2927e38d1a265ea3943d55c88aeaa7c3a8abcc2547	OK
1	/home/architit/work/Archivator_Agent	ARCHIVATOR_AGENT/Archivator_Agent	logs	/home/architit/work/Archivator_Agent/memory/LOGS_LIST_2026-02-17.txt	/home/architit/work/Archivator_Agent/ARCHIVATOR_AGENT/Archivator_Agent/logs/LOGS_LIST_2026-02-17.txt	cd5eeefe9c49d1a1eda439994deb34bb1a666d0a26c54641be4db2271291ca8d	cd5eeefe9c49d1a1eda439994deb34bb1a666d0a26c54641be4db2271291ca8d	OK
1	/home/architit/work/Archivator_Agent	ARCHIVATOR_AGENT/Archivator_Agent	journals	/home/architit/work/Archivator_Agent/memory/JOURNALS_LIST_2026-02-17.txt	/home/architit/work/Archivator_Agent/ARCHIVATOR_AGENT/Archivator_Agent/journals/JOURNALS_LIST_2026-02-17.txt	acd1b3c65389920861ea700469809524e5f3c45c6de2835044b0e3d46c387e63	acd1b3c65389920861ea700469809524e5f3c45c6de2835044b0e3d46c387e63	OK
1	/home/architit/work/Archivator_Agent	ARCHIVATOR_AGENT/Archivator_Agent	matrices	/home/architit/work/Archivator_Agent/memory/MATRICES_LIST_2026-02-17.txt	/home/architit/work/Archivator_Agent/ARCHIVATOR_AGENT/Archivator_Agent/matrices/MATRICES_LIST_2026-02-17.txt	ede03169eee10a1643f30485cc33b0020a27e5357e3877ace2a79e393d598b81	ede03169eee10a1643f30485cc33b0020a27e5357e3877ace2a79e393d598b81	OK
1	/home/architit/work/Archivator_Agent/SubtreeHub	SUBTREEHUB/SubtreeHub	protocols	/home/architit/work/Archivator_Agent/SubtreeHub/memory/PROTOCOLS_LIST_2026-02-17.txt	/home/architit/work/Archivator_Agent/SubtreeHub/SUBTREEHUB/SubtreeHub/protocols/PROTOCOLS_LIST_2026-02-17.txt	ac5253b7b951b9f797a09a914f4a16e5163a74ec8612d70e41255c5068f88afd	ac5253b7b951b9f797a09a914f4a16e5163a74ec8612d70e41255c5068f88afd	OK
1	/home/architit/work/Archivator_Agent/SubtreeHub	SUBTREEHUB/SubtreeHub	contracts	/home/architit/work/Archivator_Agent/SubtreeHub/memory/CONTRACTS_LIST_2026-02-17.txt	/home/architit/work/Archivator_Agent/SubtreeHub/SUBTREEHUB/SubtreeHub/contracts/CONTRACTS_LIST_2026-02-17.txt	f778e7cc7f04a4477925cd84699f7d358cd23a8832590aa7c0470ad75a1f5c71	f778e7cc7f04a4477925cd84699f7d358cd23a8832590aa7c0470ad75a1f5c71	OK
1	/home/architit/work/Archivator_Agent/SubtreeHub	SUBTREEHUB/SubtreeHub	policies	/home/architit/work/Archivator_Agent/SubtreeHub/memory/POLICIES_LIST_2026-02-17.txt	/home/architit/work/Archivator_Agent/SubtreeHub/SUBTREEHUB/SubtreeHub/policies/POLICIES_LIST_2026-02-17.txt	ff49202b09cd139c8670f200670c6ecac6e4392e81a9433f17925b9cc9c13c85	ff49202b09cd139c8670f200670c6ecac6e4392e81a9433f17925b9cc9c13c85	OK
1	/home/architit/work/Archivator_Agent/SubtreeHub	SUBTREEHUB/SubtreeHub	atlas	/home/architit/work/Archivator_Agent/SubtreeHub/memory/ATLAS_LIST_2026-02-17.txt	/home/architit/work/Archivator_Agent/SubtreeHub/SUBTREEHUB/SubtreeHub/atlas/ATLAS_LIST_2026-02-17.txt	fe79ab3032971ad48fc2cfeb8d7e51f13ef8196f8152c29efb3c2e3c7941b821	fe79ab3032971ad48fc2cfeb8d7e51f13ef8196f8152c29efb3c2e3c7941b821	OK
1	/home/architit/work/Archivator_Agent/SubtreeHub	SUBTREEHUB/SubtreeHub	maps	/home/architit/work/Archivator_Agent/SubtreeHub/memory/MAPS_LIST_2026-02-17.txt	/home/architit/work/Archivator_Agent/SubtreeHub/SUBTREEHUB/SubtreeHub/maps/MAPS_LIST_2026-02-17.txt	d767d660f5a09f9b60fbfc98c4271f735509845725b6f3408fc5209447e5c37f	d767d660f5a09f9b60fbfc98c4271f735509845725b6f3408fc5209447e5c37f	OK
1	/home/architit/work/Archivator_Agent/SubtreeHub	SUBTREEHUB/SubtreeHub	chronologs	/home/architit/work/Archivator_Agent/SubtreeHub/memory/CHRONOLOGS_LIST_2026-02-17.txt	/home/architit/work/Archivator_Agent/SubtreeHub/SUBTREEHUB/SubtreeHub/chronologs/CHRONOLOGS_LIST_2026-02-17.txt	879e0f7f650ec067d33d4a2927e38d1a265ea3943d55c88aeaa7c3a8abcc2547	879e0f7f650ec067d33d4a2927e38d1a265ea3943d55c88aeaa7c3a8abcc2547	OK
1	/home/architit/work/Archivator_Agent/SubtreeHub	SUBTREEHUB/SubtreeHub	logs	/home/architit/work/Archivator_Agent/SubtreeHub/memory/LOGS_LIST_2026-02-17.txt	/home/architit/work/Archivator_Agent/SubtreeHub/SUBTREEHUB/SubtreeHub/logs/LOGS_LIST_2026-02-17.txt	cd5eeefe9c49d1a1eda439994deb34bb1a666d0a26c54641be4db2271291ca8d	cd5eeefe9c49d1a1eda439994deb34bb1a666d0a26c54641be4db2271291ca8d	OK
1	/home/architit/work/Archivator_Agent/SubtreeHub	SUBTREEHUB/SubtreeHub	journals	/home/architit/work/Archivator_Agent/SubtreeHub/memory/JOURNALS_LIST_2026-02-17.txt	/home/architit/work/Archivator_Agent/SubtreeHub/SUBTREEHUB/SubtreeHub/journals/JOURNALS_LIST_2026-02-17.txt	acd1b3c65389920861ea700469809524e5f3c45c6de2835044b0e3d46c387e63	acd1b3c65389920861ea700469809524e5f3c45c6de2835044b0e3d46c387e63	OK
1	/home/architit/work/Archivator_Agent/SubtreeHub	SUBTREEHUB/SubtreeHub	matrices	/home/architit/work/Archivator_Agent/SubtreeHub/memory/MATRICES_LIST_2026-02-17.txt	/home/architit/work/Archivator_Agent/SubtreeHub/SUBTREEHUB/SubtreeHub/matrices/MATRICES_LIST_2026-02-17.txt	ede03169eee10a1643f30485cc33b0020a27e5357e3877ace2a79e393d598b81	ede03169eee10a1643f30485cc33b0020a27e5357e3877ace2a79e393d598b81	OK
1	/home/architit/work/CORE	CORE/CORE	protocols	/home/architit/work/CORE/memory/PROTOCOLS_LIST_2026-02-17.txt	/home/architit/work/CORE/CORE/CORE/protocols/PROTOCOLS_LIST_2026-02-17.txt	ac5253b7b951b9f797a09a914f4a16e5163a74ec8612d70e41255c5068f88afd	ac5253b7b951b9f797a09a914f4a16e5163a74ec8612d70e41255c5068f88afd	OK
1	/home/architit/work/CORE	CORE/CORE	contracts	/home/architit/work/CORE/memory/CONTRACTS_LIST_2026-02-17.txt	/home/architit/work/CORE/CORE/CORE/contracts/CONTRACTS_LIST_2026-02-17.txt	f778e7cc7f04a4477925cd84699f7d358cd23a8832590aa7c0470ad75a1f5c71	f778e7cc7f04a4477925cd84699f7d358cd23a8832590aa7c0470ad75a1f5c71	OK
1	/home/architit/work/CORE	CORE/CORE	policies	/home/architit/work/CORE/memory/POLICIES_LIST_2026-02-17.txt	/home/architit/work/CORE/CORE/CORE/policies/POLICIES_LIST_2026-02-17.txt	ff49202b09cd139c8670f200670c6ecac6e4392e81a9433f17925b9cc9c13c85	ff49202b09cd139c8670f200670c6ecac6e4392e81a9433f17925b9cc9c13c85	OK
1	/home/architit/work/CORE	CORE/CORE	atlas	/home/architit/work/CORE/memory/ATLAS_LIST_2026-02-17.txt	/home/architit/work/CORE/CORE/CORE/atlas/ATLAS_LIST_2026-02-17.txt	fe79ab3032971ad48fc2cfeb8d7e51f13ef8196f8152c29efb3c2e3c7941b821	fe79ab3032971ad48fc2cfeb8d7e51f13ef8196f8152c29efb3c2e3c7941b821	OK
1	/home/architit/work/CORE	CORE/CORE	maps	/home/architit/work/CORE/memory/MAPS_LIST_2026-02-17.txt	/home/architit/work/CORE/CORE/CORE/maps/MAPS_LIST_2026-02-17.txt	d767d660f5a09f9b60fbfc98c4271f735509845725b6f3408fc5209447e5c37f	d767d660f5a09f9b60fbfc98c4271f735509845725b6f3408fc5209447e5c37f	OK
1	/home/architit/work/CORE	CORE/CORE	chronologs	/home/architit/work/CORE/memory/CHRONOLOGS_LIST_2026-02-17.txt	/home/architit/work/CORE/CORE/CORE/chronologs/CHRONOLOGS_LIST_2026-02-17.txt	879e0f7f650ec067d33d4a2927e38d1a265ea3943d55c88aeaa7c3a8abcc2547	879e0f7f650ec067d33d4a2927e38d1a265ea3943d55c88aeaa7c3a8abcc2547	OK
1	/home/architit/work/CORE	CORE/CORE	logs	/home/architit/work/CORE/memory/LOGS_LIST_2026-02-17.txt	/home/architit/work/CORE/CORE/CORE/logs/LOGS_LIST_2026-02-17.txt	cd5eeefe9c49d1a1eda439994deb34bb1a666d0a26c54641be4db2271291ca8d	cd5eeefe9c49d1a1eda439994deb34bb1a666d0a26c54641be4db2271291ca8d	OK
1	/home/architit/work/CORE	CORE/CORE	journals	/home/architit/work/CORE/memory/JOURNALS_LIST_2026-02-17.txt	/home/architit/work/CORE/CORE/CORE/journals/JOURNALS_LIST_2026-02-17.txt	acd1b3c65389920861ea700469809524e5f3c45c6de2835044b0e3d46c387e63	acd1b3c65389920861ea700469809524e5f3c45c6de2835044b0e3d46c387e63	OK
1	/home/architit/work/CORE	CORE/CORE	matrices	/home/architit/work/CORE/memory/MATRICES_LIST_2026-02-17.txt	/home/architit/work/CORE/CORE/CORE/matrices/MATRICES_LIST_2026-02-17.txt	ede03169eee10a1643f30485cc33b0020a27e5357e3877ace2a79e393d598b81	ede03169eee10a1643f30485cc33b0020a27e5357e3877ace2a79e393d598b81	OK
1	/home/architit/work/J.A.R.V.I.S	J_A_R_V_I_S/J.A.R.V.I.S	protocols	/home/architit/work/J.A.R.V.I.S/memory/PROTOCOLS_LIST_2026-02-17.txt	/home/architit/work/J.A.R.V.I.S/J_A_R_V_I_S/J.A.R.V.I.S/protocols/PROTOCOLS_LIST_2026-02-17.txt	ac5253b7b951b9f797a09a914f4a16e5163a74ec8612d70e41255c5068f88afd	ac5253b7b951b9f797a09a914f4a16e5163a74ec8612d70e41255c5068f88afd	OK
1	/home/architit/work/J.A.R.V.I.S	J_A_R_V_I_S/J.A.R.V.I.S	contracts	/home/architit/work/J.A.R.V.I.S/memory/CONTRACTS_LIST_2026-02-17.txt	/home/architit/work/J.A.R.V.I.S/J_A_R_V_I_S/J.A.R.V.I.S/contracts/CONTRACTS_LIST_2026-02-17.txt	f778e7cc7f04a4477925cd84699f7d358cd23a8832590aa7c0470ad75a1f5c71	f778e7cc7f04a4477925cd84699f7d358cd23a8832590aa7c0470ad75a1f5c71	OK
1	/home/architit/work/J.A.R.V.I.S	J_A_R_V_I_S/J.A.R.V.I.S	policies	/home/architit/work/J.A.R.V.I.S/memory/POLICIES_LIST_2026-02-17.txt	/home/architit/work/J.A.R.V.I.S/J_A_R_V_I_S/J.A.R.V.I.S/policies/POLICIES_LIST_2026-02-17.txt	ff49202b09cd139c8670f200670c6ecac6e4392e81a9433f17925b9cc9c13c85	ff49202b09cd139c8670f200670c6ecac6e4392e81a9433f17925b9cc9c13c85	OK
1	/home/architit/work/J.A.R.V.I.S	J_A_R_V_I_S/J.A.R.V.I.S	atlas	/home/architit/work/J.A.R.V.I.S/memory/ATLAS_LIST_2026-02-17.txt	/home/architit/work/J.A.R.V.I.S/J_A_R_V_I_S/J.A.R.V.I.S/atlas/ATLAS_LIST_2026-02-17.txt	fe79ab3032971ad48fc2cfeb8d7e51f13ef8196f8152c29efb3c2e3c7941b821	fe79ab3032971ad48fc2cfeb8d7e51f13ef8196f8152c29efb3c2e3c7941b821	OK
1	/home/architit/work/J.A.R.V.I.S	J_A_R_V_I_S/J.A.R.V.I.S	maps	/home/architit/work/J.A.R.V.I.S/memory/MAPS_LIST_2026-02-17.txt	/home/architit/work/J.A.R.V.I.S/J_A_R_V_I_S/J.A.R.V.I.S/maps/MAPS_LIST_2026-02-17.txt	d767d660f5a09f9b60fbfc98c4271f735509845725b6f3408fc5209447e5c37f	d767d660f5a09f9b60fbfc98c4271f735509845725b6f3408fc5209447e5c37f	OK
1	/home/architit/work/J.A.R.V.I.S	J_A_R_V_I_S/J.A.R.V.I.S	chronologs	/home/architit/work/J.A.R.V.I.S/memory/CHRONOLOGS_LIST_2026-02-17.txt	/home/architit/work/J.A.R.V.I.S/J_A_R_V_I_S/J.A.R.V.I.S/chronologs/CHRONOLOGS_LIST_2026-02-17.txt	879e0f7f650ec067d33d4a2927e38d1a265ea3943d55c88aeaa7c3a8abcc2547	879e0f7f650ec067d33d4a2927e38d1a265ea3943d55c88aeaa7c3a8abcc2547	OK
1	/home/architit/work/J.A.R.V.I.S	J_A_R_V_I_S/J.A.R.V.I.S	logs	/home/architit/work/J.A.R.V.I.S/memory/LOGS_LIST_2026-02-17.txt	/home/architit/work/J.A.R.V.I.S/J_A_R_V_I_S/J.A.R.V.I.S/logs/LOGS_LIST_2026-02-17.txt	cd5eeefe9c49d1a1eda439994deb34bb1a666d0a26c54641be4db2271291ca8d	cd5eeefe9c49d1a1eda439994deb34bb1a666d0a26c54641be4db2271291ca8d	OK
1	/home/architit/work/J.A.R.V.I.S	J_A_R_V_I_S/J.A.R.V.I.S	journals	/home/architit/work/J.A.R.V.I.S/memory/JOURNALS_LIST_2026-02-17.txt	/home/architit/work/J.A.R.V.I.S/J_A_R_V_I_S/J.A.R.V.I.S/journals/JOURNALS_LIST_2026-02-17.txt	acd1b3c65389920861ea700469809524e5f3c45c6de2835044b0e3d46c387e63	acd1b3c65389920861ea700469809524e5f3c45c6de2835044b0e3d46c387e63	OK
1	/home/architit/work/J.A.R.V.I.S	J_A_R_V_I_S/J.A.R.V.I.S	matrices	/home/architit/work/J.A.R.V.I.S/memory/MATRICES_LIST_2026-02-17.txt	/home/architit/work/J.A.R.V.I.S/J_A_R_V_I_S/J.A.R.V.I.S/matrices/MATRICES_LIST_2026-02-17.txt	ede03169eee10a1643f30485cc33b0020a27e5357e3877ace2a79e393d598b81	ede03169eee10a1643f30485cc33b0020a27e5357e3877ace2a79e393d598b81	OK
2	/home/architit/work/LAM-Codex_Agent	LAM_CODEX_AGENT/LAM-Codex_Agent	protocols	/home/architit/work/LAM-Codex_Agent/memory/PROTOCOLS_LIST_2026-02-17.txt	/home/architit/work/LAM-Codex_Agent/LAM_CODEX_AGENT/LAM-Codex_Agent/protocols/PROTOCOLS_LIST_2026-02-17.txt	ac5253b7b951b9f797a09a914f4a16e5163a74ec8612d70e41255c5068f88afd	ac5253b7b951b9f797a09a914f4a16e5163a74ec8612d70e41255c5068f88afd	OK
2	/home/architit/work/LAM-Codex_Agent	LAM_CODEX_AGENT/LAM-Codex_Agent	contracts	/home/architit/work/LAM-Codex_Agent/memory/CONTRACTS_LIST_2026-02-17.txt	/home/architit/work/LAM-Codex_Agent/LAM_CODEX_AGENT/LAM-Codex_Agent/contracts/CONTRACTS_LIST_2026-02-17.txt	f778e7cc7f04a4477925cd84699f7d358cd23a8832590aa7c0470ad75a1f5c71	f778e7cc7f04a4477925cd84699f7d358cd23a8832590aa7c0470ad75a1f5c71	OK
2	/home/architit/work/LAM-Codex_Agent	LAM_CODEX_AGENT/LAM-Codex_Agent	policies	/home/architit/work/LAM-Codex_Agent/memory/POLICIES_LIST_2026-02-17.txt	/home/architit/work/LAM-Codex_Agent/LAM_CODEX_AGENT/LAM-Codex_Agent/policies/POLICIES_LIST_2026-02-17.txt	ff49202b09cd139c8670f200670c6ecac6e4392e81a9433f17925b9cc9c13c85	ff49202b09cd139c8670f200670c6ecac6e4392e81a9433f17925b9cc9c13c85	OK
2	/home/architit/work/LAM-Codex_Agent	LAM_CODEX_AGENT/LAM-Codex_Agent	atlas	/home/architit/work/LAM-Codex_Agent/memory/ATLAS_LIST_2026-02-17.txt	/home/architit/work/LAM-Codex_Agent/LAM_CODEX_AGENT/LAM-Codex_Agent/atlas/ATLAS_LIST_2026-02-17.txt	fe79ab3032971ad48fc2cfeb8d7e51f13ef8196f8152c29efb3c2e3c7941b821	fe79ab3032971ad48fc2cfeb8d7e51f13ef8196f8152c29efb3c2e3c7941b821	OK
2	/home/architit/work/LAM-Codex_Agent	LAM_CODEX_AGENT/LAM-Codex_Agent	maps	/home/architit/work/LAM-Codex_Agent/memory/MAPS_LIST_2026-02-17.txt	/home/architit/work/LAM-Codex_Agent/LAM_CODEX_AGENT/LAM-Codex_Agent/maps/MAPS_LIST_2026-02-17.txt	d767d660f5a09f9b60fbfc98c4271f735509845725b6f3408fc5209447e5c37f	d767d660f5a09f9b60fbfc98c4271f735509845725b6f3408fc5209447e5c37f	OK
2	/home/architit/work/LAM-Codex_Agent	LAM_CODEX_AGENT/LAM-Codex_Agent	chronologs	/home/architit/work/LAM-Codex_Agent/memory/CHRONOLOGS_LIST_2026-02-17.txt	/home/architit/work/LAM-Codex_Agent/LAM_CODEX_AGENT/LAM-Codex_Agent/chronologs/CHRONOLOGS_LIST_2026-02-17.txt	879e0f7f650ec067d33d4a2927e38d1a265ea3943d55c88aeaa7c3a8abcc2547	879e0f7f650ec067d33d4a2927e38d1a265ea3943d55c88aeaa7c3a8abcc2547	OK
2	/home/architit/work/LAM-Codex_Agent	LAM_CODEX_AGENT/LAM-Codex_Agent	logs	/home/architit/work/LAM-Codex_Agent/memory/LOGS_LIST_2026-02-17.txt	/home/architit/work/LAM-Codex_Agent/LAM_CODEX_AGENT/LAM-Codex_Agent/logs/LOGS_LIST_2026-02-17.txt	cd5eeefe9c49d1a1eda439994deb34bb1a666d0a26c54641be4db2271291ca8d	cd5eeefe9c49d1a1eda439994deb34bb1a666d0a26c54641be4db2271291ca8d	OK
2	/home/architit/work/LAM-Codex_Agent	LAM_CODEX_AGENT/LAM-Codex_Agent	journals	/home/architit/work/LAM-Codex_Agent/memory/JOURNALS_LIST_2026-02-17.txt	/home/architit/work/LAM-Codex_Agent/LAM_CODEX_AGENT/LAM-Codex_Agent/journals/JOURNALS_LIST_2026-02-17.txt	acd1b3c65389920861ea700469809524e5f3c45c6de2835044b0e3d46c387e63	acd1b3c65389920861ea700469809524e5f3c45c6de2835044b0e3d46c387e63	OK
2	/home/architit/work/LAM-Codex_Agent	LAM_CODEX_AGENT/LAM-Codex_Agent	matrices	/home/architit/work/LAM-Codex_Agent/memory/MATRICES_LIST_2026-02-17.txt	/home/architit/work/LAM-Codex_Agent/LAM_CODEX_AGENT/LAM-Codex_Agent/matrices/MATRICES_LIST_2026-02-17.txt	ede03169eee10a1643f30485cc33b0020a27e5357e3877ace2a79e393d598b81	ede03169eee10a1643f30485cc33b0020a27e5357e3877ace2a79e393d598b81	OK
2	/home/architit/work/LAM_Comunication_Agent	LAM_COMUNICATION_AGENT/LAM_Comunication_Agent	protocols	/home/architit/work/LAM_Comunication_Agent/memory/PROTOCOLS_LIST_2026-02-17.txt	/home/architit/work/LAM_Comunication_Agent/LAM_COMUNICATION_AGENT/LAM_Comunication_Agent/protocols/PROTOCOLS_LIST_2026-02-17.txt	ac5253b7b951b9f797a09a914f4a16e5163a74ec8612d70e41255c5068f88afd	ac5253b7b951b9f797a09a914f4a16e5163a74ec8612d70e41255c5068f88afd	OK
2	/home/architit/work/LAM_Comunication_Agent	LAM_COMUNICATION_AGENT/LAM_Comunication_Agent	contracts	/home/architit/work/LAM_Comunication_Agent/memory/CONTRACTS_LIST_2026-02-17.txt	/home/architit/work/LAM_Comunication_Agent/LAM_COMUNICATION_AGENT/LAM_Comunication_Agent/contracts/CONTRACTS_LIST_2026-02-17.txt	f778e7cc7f04a4477925cd84699f7d358cd23a8832590aa7c0470ad75a1f5c71	f778e7cc7f04a4477925cd84699f7d358cd23a8832590aa7c0470ad75a1f5c71	OK
2	/home/architit/work/LAM_Comunication_Agent	LAM_COMUNICATION_AGENT/LAM_Comunication_Agent	policies	/home/architit/work/LAM_Comunication_Agent/memory/POLICIES_LIST_2026-02-17.txt	/home/architit/work/LAM_Comunication_Agent/LAM_COMUNICATION_AGENT/LAM_Comunication_Agent/policies/POLICIES_LIST_2026-02-17.txt	ff49202b09cd139c8670f200670c6ecac6e4392e81a9433f17925b9cc9c13c85	ff49202b09cd139c8670f200670c6ecac6e4392e81a9433f17925b9cc9c13c85	OK
2	/home/architit/work/LAM_Comunication_Agent	LAM_COMUNICATION_AGENT/LAM_Comunication_Agent	atlas	/home/architit/work/LAM_Comunication_Agent/memory/ATLAS_LIST_2026-02-17.txt	/home/architit/work/LAM_Comunication_Agent/LAM_COMUNICATION_AGENT/LAM_Comunication_Agent/atlas/ATLAS_LIST_2026-02-17.txt	fe79ab3032971ad48fc2cfeb8d7e51f13ef8196f8152c29efb3c2e3c7941b821	fe79ab3032971ad48fc2cfeb8d7e51f13ef8196f8152c29efb3c2e3c7941b821	OK
2	/home/architit/work/LAM_Comunication_Agent	LAM_COMUNICATION_AGENT/LAM_Comunication_Agent	maps	/home/architit/work/LAM_Comunication_Agent/memory/MAPS_LIST_2026-02-17.txt	/home/architit/work/LAM_Comunication_Agent/LAM_COMUNICATION_AGENT/LAM_Comunication_Agent/maps/MAPS_LIST_2026-02-17.txt	d767d660f5a09f9b60fbfc98c4271f735509845725b6f3408fc5209447e5c37f	d767d660f5a09f9b60fbfc98c4271f735509845725b6f3408fc5209447e5c37f	OK
2	/home/architit/work/LAM_Comunication_Agent	LAM_COMUNICATION_AGENT/LAM_Comunication_Agent	chronologs	/home/architit/work/LAM_Comunication_Agent/memory/CHRONOLOGS_LIST_2026-02-17.txt	/home/architit/work/LAM_Comunication_Agent/LAM_COMUNICATION_AGENT/LAM_Comunication_Agent/chronologs/CHRONOLOGS_LIST_2026-02-17.txt	879e0f7f650ec067d33d4a2927e38d1a265ea3943d55c88aeaa7c3a8abcc2547	879e0f7f650ec067d33d4a2927e38d1a265ea3943d55c88aeaa7c3a8abcc2547	OK
2	/home/architit/work/LAM_Comunication_Agent	LAM_COMUNICATION_AGENT/LAM_Comunication_Agent	logs	/home/architit/work/LAM_Comunication_Agent/memory/LOGS_LIST_2026-02-17.txt	/home/architit/work/LAM_Comunication_Agent/LAM_COMUNICATION_AGENT/LAM_Comunication_Agent/logs/LOGS_LIST_2026-02-17.txt	cd5eeefe9c49d1a1eda439994deb34bb1a666d0a26c54641be4db2271291ca8d	cd5eeefe9c49d1a1eda439994deb34bb1a666d0a26c54641be4db2271291ca8d	OK
2	/home/architit/work/LAM_Comunication_Agent	LAM_COMUNICATION_AGENT/LAM_Comunication_Agent	journals	/home/architit/work/LAM_Comunication_Agent/memory/JOURNALS_LIST_2026-02-17.txt	/home/architit/work/LAM_Comunication_Agent/LAM_COMUNICATION_AGENT/LAM_Comunication_Agent/journals/JOURNALS_LIST_2026-02-17.txt	acd1b3c65389920861ea700469809524e5f3c45c6de2835044b0e3d46c387e63	acd1b3c65389920861ea700469809524e5f3c45c6de2835044b0e3d46c387e63	OK
2	/home/architit/work/LAM_Comunication_Agent	LAM_COMUNICATION_AGENT/LAM_Comunication_Agent	matrices	/home/architit/work/LAM_Comunication_Agent/memory/MATRICES_LIST_2026-02-17.txt	/home/architit/work/LAM_Comunication_Agent/LAM_COMUNICATION_AGENT/LAM_Comunication_Agent/matrices/MATRICES_LIST_2026-02-17.txt	ede03169eee10a1643f30485cc33b0020a27e5357e3877ace2a79e393d598b81	ede03169eee10a1643f30485cc33b0020a27e5357e3877ace2a79e393d598b81	OK
2	/home/architit/work/LAM_DATA_Src	LAM_DATA_SRC/LAM_DATA_Src	protocols	/home/architit/work/LAM_DATA_Src/memory/PROTOCOLS_LIST_2026-02-17.txt	/home/architit/work/LAM_DATA_Src/LAM_DATA_SRC/LAM_DATA_Src/protocols/PROTOCOLS_LIST_2026-02-17.txt	ac5253b7b951b9f797a09a914f4a16e5163a74ec8612d70e41255c5068f88afd	ac5253b7b951b9f797a09a914f4a16e5163a74ec8612d70e41255c5068f88afd	OK
2	/home/architit/work/LAM_DATA_Src	LAM_DATA_SRC/LAM_DATA_Src	contracts	/home/architit/work/LAM_DATA_Src/memory/CONTRACTS_LIST_2026-02-17.txt	/home/architit/work/LAM_DATA_Src/LAM_DATA_SRC/LAM_DATA_Src/contracts/CONTRACTS_LIST_2026-02-17.txt	f778e7cc7f04a4477925cd84699f7d358cd23a8832590aa7c0470ad75a1f5c71	f778e7cc7f04a4477925cd84699f7d358cd23a8832590aa7c0470ad75a1f5c71	OK
2	/home/architit/work/LAM_DATA_Src	LAM_DATA_SRC/LAM_DATA_Src	policies	/home/architit/work/LAM_DATA_Src/memory/POLICIES_LIST_2026-02-17.txt	/home/architit/work/LAM_DATA_Src/LAM_DATA_SRC/LAM_DATA_Src/policies/POLICIES_LIST_2026-02-17.txt	ff49202b09cd139c8670f200670c6ecac6e4392e81a9433f17925b9cc9c13c85	ff49202b09cd139c8670f200670c6ecac6e4392e81a9433f17925b9cc9c13c85	OK
2	/home/architit/work/LAM_DATA_Src	LAM_DATA_SRC/LAM_DATA_Src	atlas	/home/architit/work/LAM_DATA_Src/memory/ATLAS_LIST_2026-02-17.txt	/home/architit/work/LAM_DATA_Src/LAM_DATA_SRC/LAM_DATA_Src/atlas/ATLAS_LIST_2026-02-17.txt	fe79ab3032971ad48fc2cfeb8d7e51f13ef8196f8152c29efb3c2e3c7941b821	fe79ab3032971ad48fc2cfeb8d7e51f13ef8196f8152c29efb3c2e3c7941b821	OK
2	/home/architit/work/LAM_DATA_Src	LAM_DATA_SRC/LAM_DATA_Src	maps	/home/architit/work/LAM_DATA_Src/memory/MAPS_LIST_2026-02-17.txt	/home/architit/work/LAM_DATA_Src/LAM_DATA_SRC/LAM_DATA_Src/maps/MAPS_LIST_2026-02-17.txt	d767d660f5a09f9b60fbfc98c4271f735509845725b6f3408fc5209447e5c37f	d767d660f5a09f9b60fbfc98c4271f735509845725b6f3408fc5209447e5c37f	OK
2	/home/architit/work/LAM_DATA_Src	LAM_DATA_SRC/LAM_DATA_Src	chronologs	/home/architit/work/LAM_DATA_Src/memory/CHRONOLOGS_LIST_2026-02-17.txt	/home/architit/work/LAM_DATA_Src/LAM_DATA_SRC/LAM_DATA_Src/chronologs/CHRONOLOGS_LIST_2026-02-17.txt	879e0f7f650ec067d33d4a2927e38d1a265ea3943d55c88aeaa7c3a8abcc2547	879e0f7f650ec067d33d4a2927e38d1a265ea3943d55c88aeaa7c3a8abcc2547	OK
2	/home/architit/work/LAM_DATA_Src	LAM_DATA_SRC/LAM_DATA_Src	logs	/home/architit/work/LAM_DATA_Src/memory/LOGS_LIST_2026-02-17.txt	/home/architit/work/LAM_DATA_Src/LAM_DATA_SRC/LAM_DATA_Src/logs/LOGS_LIST_2026-02-17.txt	cd5eeefe9c49d1a1eda439994deb34bb1a666d0a26c54641be4db2271291ca8d	cd5eeefe9c49d1a1eda439994deb34bb1a666d0a26c54641be4db2271291ca8d	OK
2	/home/architit/work/LAM_DATA_Src	LAM_DATA_SRC/LAM_DATA_Src	journals	/home/architit/work/LAM_DATA_Src/memory/JOURNALS_LIST_2026-02-17.txt	/home/architit/work/LAM_DATA_Src/LAM_DATA_SRC/LAM_DATA_Src/journals/JOURNALS_LIST_2026-02-17.txt	acd1b3c65389920861ea700469809524e5f3c45c6de2835044b0e3d46c387e63	acd1b3c65389920861ea700469809524e5f3c45c6de2835044b0e3d46c387e63	OK
2	/home/architit/work/LAM_DATA_Src	LAM_DATA_SRC/LAM_DATA_Src	matrices	/home/architit/work/LAM_DATA_Src/memory/MATRICES_LIST_2026-02-17.txt	/home/architit/work/LAM_DATA_Src/LAM_DATA_SRC/LAM_DATA_Src/matrices/MATRICES_LIST_2026-02-17.txt	ede03169eee10a1643f30485cc33b0020a27e5357e3877ace2a79e393d598b81	ede03169eee10a1643f30485cc33b0020a27e5357e3877ace2a79e393d598b81	OK
2	/home/architit/work/LAM_Test_Agent	LAM_TEST_AGENT/LAM_Test_Agent	protocols	/home/architit/work/LAM_Test_Agent/memory/PROTOCOLS_LIST_2026-02-17.txt	/home/architit/work/LAM_Test_Agent/LAM_TEST_AGENT/LAM_Test_Agent/protocols/PROTOCOLS_LIST_2026-02-17.txt	ac5253b7b951b9f797a09a914f4a16e5163a74ec8612d70e41255c5068f88afd	ac5253b7b951b9f797a09a914f4a16e5163a74ec8612d70e41255c5068f88afd	OK
2	/home/architit/work/LAM_Test_Agent	LAM_TEST_AGENT/LAM_Test_Agent	contracts	/home/architit/work/LAM_Test_Agent/memory/CONTRACTS_LIST_2026-02-17.txt	/home/architit/work/LAM_Test_Agent/LAM_TEST_AGENT/LAM_Test_Agent/contracts/CONTRACTS_LIST_2026-02-17.txt	f778e7cc7f04a4477925cd84699f7d358cd23a8832590aa7c0470ad75a1f5c71	f778e7cc7f04a4477925cd84699f7d358cd23a8832590aa7c0470ad75a1f5c71	OK
2	/home/architit/work/LAM_Test_Agent	LAM_TEST_AGENT/LAM_Test_Agent	policies	/home/architit/work/LAM_Test_Agent/memory/POLICIES_LIST_2026-02-17.txt	/home/architit/work/LAM_Test_Agent/LAM_TEST_AGENT/LAM_Test_Agent/policies/POLICIES_LIST_2026-02-17.txt	ff49202b09cd139c8670f200670c6ecac6e4392e81a9433f17925b9cc9c13c85	ff49202b09cd139c8670f200670c6ecac6e4392e81a9433f17925b9cc9c13c85	OK
2	/home/architit/work/LAM_Test_Agent	LAM_TEST_AGENT/LAM_Test_Agent	atlas	/home/architit/work/LAM_Test_Agent/memory/ATLAS_LIST_2026-02-17.txt	/home/architit/work/LAM_Test_Agent/LAM_TEST_AGENT/LAM_Test_Agent/atlas/ATLAS_LIST_2026-02-17.txt	fe79ab3032971ad48fc2cfeb8d7e51f13ef8196f8152c29efb3c2e3c7941b821	fe79ab3032971ad48fc2cfeb8d7e51f13ef8196f8152c29efb3c2e3c7941b821	OK
2	/home/architit/work/LAM_Test_Agent	LAM_TEST_AGENT/LAM_Test_Agent	maps	/home/architit/work/LAM_Test_Agent/memory/MAPS_LIST_2026-02-17.txt	/home/architit/work/LAM_Test_Agent/LAM_TEST_AGENT/LAM_Test_Agent/maps/MAPS_LIST_2026-02-17.txt	d767d660f5a09f9b60fbfc98c4271f735509845725b6f3408fc5209447e5c37f	d767d660f5a09f9b60fbfc98c4271f735509845725b6f3408fc5209447e5c37f	OK
2	/home/architit/work/LAM_Test_Agent	LAM_TEST_AGENT/LAM_Test_Agent	chronologs	/home/architit/work/LAM_Test_Agent/memory/CHRONOLOGS_LIST_2026-02-17.txt	/home/architit/work/LAM_Test_Agent/LAM_TEST_AGENT/LAM_Test_Agent/chronologs/CHRONOLOGS_LIST_2026-02-17.txt	879e0f7f650ec067d33d4a2927e38d1a265ea3943d55c88aeaa7c3a8abcc2547	879e0f7f650ec067d33d4a2927e38d1a265ea3943d55c88aeaa7c3a8abcc2547	OK
2	/home/architit/work/LAM_Test_Agent	LAM_TEST_AGENT/LAM_Test_Agent	logs	/home/architit/work/LAM_Test_Agent/memory/LOGS_LIST_2026-02-17.txt	/home/architit/work/LAM_Test_Agent/LAM_TEST_AGENT/LAM_Test_Agent/logs/LOGS_LIST_2026-02-17.txt	cd5eeefe9c49d1a1eda439994deb34bb1a666d0a26c54641be4db2271291ca8d	cd5eeefe9c49d1a1eda439994deb34bb1a666d0a26c54641be4db2271291ca8d	OK
2	/home/architit/work/LAM_Test_Agent	LAM_TEST_AGENT/LAM_Test_Agent	journals	/home/architit/work/LAM_Test_Agent/memory/JOURNALS_LIST_2026-02-17.txt	/home/architit/work/LAM_Test_Agent/LAM_TEST_AGENT/LAM_Test_Agent/journals/JOURNALS_LIST_2026-02-17.txt	acd1b3c65389920861ea700469809524e5f3c45c6de2835044b0e3d46c387e63	acd1b3c65389920861ea700469809524e5f3c45c6de2835044b0e3d46c387e63	OK
2	/home/architit/work/LAM_Test_Agent	LAM_TEST_AGENT/LAM_Test_Agent	matrices	/home/architit/work/LAM_Test_Agent/memory/MATRICES_LIST_2026-02-17.txt	/home/architit/work/LAM_Test_Agent/LAM_TEST_AGENT/LAM_Test_Agent/matrices/MATRICES_LIST_2026-02-17.txt	ede03169eee10a1643f30485cc33b0020a27e5357e3877ace2a79e393d598b81	ede03169eee10a1643f30485cc33b0020a27e5357e3877ace2a79e393d598b81	OK
3	/home/architit/work/Operator_Agent	OPERATOR_AGENT/Operator_Agent	protocols	/home/architit/work/Operator_Agent/memory/PROTOCOLS_LIST_2026-02-17.txt	/home/architit/work/Operator_Agent/OPERATOR_AGENT/Operator_Agent/protocols/PROTOCOLS_LIST_2026-02-17.txt	ac5253b7b951b9f797a09a914f4a16e5163a74ec8612d70e41255c5068f88afd	ac5253b7b951b9f797a09a914f4a16e5163a74ec8612d70e41255c5068f88afd	OK
3	/home/architit/work/Operator_Agent	OPERATOR_AGENT/Operator_Agent	contracts	/home/architit/work/Operator_Agent/memory/CONTRACTS_LIST_2026-02-17.txt	/home/architit/work/Operator_Agent/OPERATOR_AGENT/Operator_Agent/contracts/CONTRACTS_LIST_2026-02-17.txt	f778e7cc7f04a4477925cd84699f7d358cd23a8832590aa7c0470ad75a1f5c71	f778e7cc7f04a4477925cd84699f7d358cd23a8832590aa7c0470ad75a1f5c71	OK
3	/home/architit/work/Operator_Agent	OPERATOR_AGENT/Operator_Agent	policies	/home/architit/work/Operator_Agent/memory/POLICIES_LIST_2026-02-17.txt	/home/architit/work/Operator_Agent/OPERATOR_AGENT/Operator_Agent/policies/POLICIES_LIST_2026-02-17.txt	ff49202b09cd139c8670f200670c6ecac6e4392e81a9433f17925b9cc9c13c85	ff49202b09cd139c8670f200670c6ecac6e4392e81a9433f17925b9cc9c13c85	OK
3	/home/architit/work/Operator_Agent	OPERATOR_AGENT/Operator_Agent	atlas	/home/architit/work/Operator_Agent/memory/ATLAS_LIST_2026-02-17.txt	/home/architit/work/Operator_Agent/OPERATOR_AGENT/Operator_Agent/atlas/ATLAS_LIST_2026-02-17.txt	fe79ab3032971ad48fc2cfeb8d7e51f13ef8196f8152c29efb3c2e3c7941b821	fe79ab3032971ad48fc2cfeb8d7e51f13ef8196f8152c29efb3c2e3c7941b821	OK
3	/home/architit/work/Operator_Agent	OPERATOR_AGENT/Operator_Agent	maps	/home/architit/work/Operator_Agent/memory/MAPS_LIST_2026-02-17.txt	/home/architit/work/Operator_Agent/OPERATOR_AGENT/Operator_Agent/maps/MAPS_LIST_2026-02-17.txt	d767d660f5a09f9b60fbfc98c4271f735509845725b6f3408fc5209447e5c37f	d767d660f5a09f9b60fbfc98c4271f735509845725b6f3408fc5209447e5c37f	OK
3	/home/architit/work/Operator_Agent	OPERATOR_AGENT/Operator_Agent	chronologs	/home/architit/work/Operator_Agent/memory/CHRONOLOGS_LIST_2026-02-17.txt	/home/architit/work/Operator_Agent/OPERATOR_AGENT/Operator_Agent/chronologs/CHRONOLOGS_LIST_2026-02-17.txt	879e0f7f650ec067d33d4a2927e38d1a265ea3943d55c88aeaa7c3a8abcc2547	879e0f7f650ec067d33d4a2927e38d1a265ea3943d55c88aeaa7c3a8abcc2547	OK
3	/home/architit/work/Operator_Agent	OPERATOR_AGENT/Operator_Agent	logs	/home/architit/work/Operator_Agent/memory/LOGS_LIST_2026-02-17.txt	/home/architit/work/Operator_Agent/OPERATOR_AGENT/Operator_Agent/logs/LOGS_LIST_2026-02-17.txt	cd5eeefe9c49d1a1eda439994deb34bb1a666d0a26c54641be4db2271291ca8d	cd5eeefe9c49d1a1eda439994deb34bb1a666d0a26c54641be4db2271291ca8d	OK
3	/home/architit/work/Operator_Agent	OPERATOR_AGENT/Operator_Agent	journals	/home/architit/work/Operator_Agent/memory/JOURNALS_LIST_2026-02-17.txt	/home/architit/work/Operator_Agent/OPERATOR_AGENT/Operator_Agent/journals/JOURNALS_LIST_2026-02-17.txt	acd1b3c65389920861ea700469809524e5f3c45c6de2835044b0e3d46c387e63	acd1b3c65389920861ea700469809524e5f3c45c6de2835044b0e3d46c387e63	OK
3	/home/architit/work/Operator_Agent	OPERATOR_AGENT/Operator_Agent	matrices	/home/architit/work/Operator_Agent/memory/MATRICES_LIST_2026-02-17.txt	/home/architit/work/Operator_Agent/OPERATOR_AGENT/Operator_Agent/matrices/MATRICES_LIST_2026-02-17.txt	ede03169eee10a1643f30485cc33b0020a27e5357e3877ace2a79e393d598b81	ede03169eee10a1643f30485cc33b0020a27e5357e3877ace2a79e393d598b81	OK
3	/home/architit/work/Roaudter-agent	ROAUDTER_AGENT/Roaudter-agent	protocols	/home/architit/work/Roaudter-agent/memory/PROTOCOLS_LIST_2026-02-17.txt	/home/architit/work/Roaudter-agent/ROAUDTER_AGENT/Roaudter-agent/protocols/PROTOCOLS_LIST_2026-02-17.txt	ac5253b7b951b9f797a09a914f4a16e5163a74ec8612d70e41255c5068f88afd	ac5253b7b951b9f797a09a914f4a16e5163a74ec8612d70e41255c5068f88afd	OK
3	/home/architit/work/Roaudter-agent	ROAUDTER_AGENT/Roaudter-agent	contracts	/home/architit/work/Roaudter-agent/memory/CONTRACTS_LIST_2026-02-17.txt	/home/architit/work/Roaudter-agent/ROAUDTER_AGENT/Roaudter-agent/contracts/CONTRACTS_LIST_2026-02-17.txt	f778e7cc7f04a4477925cd84699f7d358cd23a8832590aa7c0470ad75a1f5c71	f778e7cc7f04a4477925cd84699f7d358cd23a8832590aa7c0470ad75a1f5c71	OK
3	/home/architit/work/Roaudter-agent	ROAUDTER_AGENT/Roaudter-agent	policies	/home/architit/work/Roaudter-agent/memory/POLICIES_LIST_2026-02-17.txt	/home/architit/work/Roaudter-agent/ROAUDTER_AGENT/Roaudter-agent/policies/POLICIES_LIST_2026-02-17.txt	ff49202b09cd139c8670f200670c6ecac6e4392e81a9433f17925b9cc9c13c85	ff49202b09cd139c8670f200670c6ecac6e4392e81a9433f17925b9cc9c13c85	OK
3	/home/architit/work/Roaudter-agent	ROAUDTER_AGENT/Roaudter-agent	atlas	/home/architit/work/Roaudter-agent/memory/ATLAS_LIST_2026-02-17.txt	/home/architit/work/Roaudter-agent/ROAUDTER_AGENT/Roaudter-agent/atlas/ATLAS_LIST_2026-02-17.txt	fe79ab3032971ad48fc2cfeb8d7e51f13ef8196f8152c29efb3c2e3c7941b821	fe79ab3032971ad48fc2cfeb8d7e51f13ef8196f8152c29efb3c2e3c7941b821	OK
3	/home/architit/work/Roaudter-agent	ROAUDTER_AGENT/Roaudter-agent	maps	/home/architit/work/Roaudter-agent/memory/MAPS_LIST_2026-02-17.txt	/home/architit/work/Roaudter-agent/ROAUDTER_AGENT/Roaudter-agent/maps/MAPS_LIST_2026-02-17.txt	d767d660f5a09f9b60fbfc98c4271f735509845725b6f3408fc5209447e5c37f	d767d660f5a09f9b60fbfc98c4271f735509845725b6f3408fc5209447e5c37f	OK
3	/home/architit/work/Roaudter-agent	ROAUDTER_AGENT/Roaudter-agent	chronologs	/home/architit/work/Roaudter-agent/memory/CHRONOLOGS_LIST_2026-02-17.txt	/home/architit/work/Roaudter-agent/ROAUDTER_AGENT/Roaudter-agent/chronologs/CHRONOLOGS_LIST_2026-02-17.txt	879e0f7f650ec067d33d4a2927e38d1a265ea3943d55c88aeaa7c3a8abcc2547	879e0f7f650ec067d33d4a2927e38d1a265ea3943d55c88aeaa7c3a8abcc2547	OK
3	/home/architit/work/Roaudter-agent	ROAUDTER_AGENT/Roaudter-agent	logs	/home/architit/work/Roaudter-agent/memory/LOGS_LIST_2026-02-17.txt	/home/architit/work/Roaudter-agent/ROAUDTER_AGENT/Roaudter-agent/logs/LOGS_LIST_2026-02-17.txt	cd5eeefe9c49d1a1eda439994deb34bb1a666d0a26c54641be4db2271291ca8d	cd5eeefe9c49d1a1eda439994deb34bb1a666d0a26c54641be4db2271291ca8d	OK
3	/home/architit/work/Roaudter-agent	ROAUDTER_AGENT/Roaudter-agent	journals	/home/architit/work/Roaudter-agent/memory/JOURNALS_LIST_2026-02-17.txt	/home/architit/work/Roaudter-agent/ROAUDTER_AGENT/Roaudter-agent/journals/JOURNALS_LIST_2026-02-17.txt	acd1b3c65389920861ea700469809524e5f3c45c6de2835044b0e3d46c387e63	acd1b3c65389920861ea700469809524e5f3c45c6de2835044b0e3d46c387e63	OK
3	/home/architit/work/Roaudter-agent	ROAUDTER_AGENT/Roaudter-agent	matrices	/home/architit/work/Roaudter-agent/memory/MATRICES_LIST_2026-02-17.txt	/home/architit/work/Roaudter-agent/ROAUDTER_AGENT/Roaudter-agent/matrices/MATRICES_LIST_2026-02-17.txt	ede03169eee10a1643f30485cc33b0020a27e5357e3877ace2a79e393d598b81	ede03169eee10a1643f30485cc33b0020a27e5357e3877ace2a79e393d598b81	OK
3	/home/architit/work/System-	SYSTEM_/System-	protocols	/home/architit/work/System-/memory/PROTOCOLS_LIST_2026-02-17.txt	/home/architit/work/System-/SYSTEM_/System-/protocols/PROTOCOLS_LIST_2026-02-17.txt	ac5253b7b951b9f797a09a914f4a16e5163a74ec8612d70e41255c5068f88afd	ac5253b7b951b9f797a09a914f4a16e5163a74ec8612d70e41255c5068f88afd	OK
3	/home/architit/work/System-	SYSTEM_/System-	contracts	/home/architit/work/System-/memory/CONTRACTS_LIST_2026-02-17.txt	/home/architit/work/System-/SYSTEM_/System-/contracts/CONTRACTS_LIST_2026-02-17.txt	f778e7cc7f04a4477925cd84699f7d358cd23a8832590aa7c0470ad75a1f5c71	f778e7cc7f04a4477925cd84699f7d358cd23a8832590aa7c0470ad75a1f5c71	OK
3	/home/architit/work/System-	SYSTEM_/System-	policies	/home/architit/work/System-/memory/POLICIES_LIST_2026-02-17.txt	/home/architit/work/System-/SYSTEM_/System-/policies/POLICIES_LIST_2026-02-17.txt	ff49202b09cd139c8670f200670c6ecac6e4392e81a9433f17925b9cc9c13c85	ff49202b09cd139c8670f200670c6ecac6e4392e81a9433f17925b9cc9c13c85	OK
3	/home/architit/work/System-	SYSTEM_/System-	atlas	/home/architit/work/System-/memory/ATLAS_LIST_2026-02-17.txt	/home/architit/work/System-/SYSTEM_/System-/atlas/ATLAS_LIST_2026-02-17.txt	fe79ab3032971ad48fc2cfeb8d7e51f13ef8196f8152c29efb3c2e3c7941b821	fe79ab3032971ad48fc2cfeb8d7e51f13ef8196f8152c29efb3c2e3c7941b821	OK
3	/home/architit/work/System-	SYSTEM_/System-	maps	/home/architit/work/System-/memory/MAPS_LIST_2026-02-17.txt	/home/architit/work/System-/SYSTEM_/System-/maps/MAPS_LIST_2026-02-17.txt	d767d660f5a09f9b60fbfc98c4271f735509845725b6f3408fc5209447e5c37f	d767d660f5a09f9b60fbfc98c4271f735509845725b6f3408fc5209447e5c37f	OK
3	/home/architit/work/System-	SYSTEM_/System-	chronologs	/home/architit/work/System-/memory/CHRONOLOGS_LIST_2026-02-17.txt	/home/architit/work/System-/SYSTEM_/System-/chronologs/CHRONOLOGS_LIST_2026-02-17.txt	879e0f7f650ec067d33d4a2927e38d1a265ea3943d55c88aeaa7c3a8abcc2547	879e0f7f650ec067d33d4a2927e38d1a265ea3943d55c88aeaa7c3a8abcc2547	OK
3	/home/architit/work/System-	SYSTEM_/System-	logs	/home/architit/work/System-/memory/LOGS_LIST_2026-02-17.txt	/home/architit/work/System-/SYSTEM_/System-/logs/LOGS_LIST_2026-02-17.txt	cd5eeefe9c49d1a1eda439994deb34bb1a666d0a26c54641be4db2271291ca8d	cd5eeefe9c49d1a1eda439994deb34bb1a666d0a26c54641be4db2271291ca8d	OK
3	/home/architit/work/System-	SYSTEM_/System-	journals	/home/architit/work/System-/memory/JOURNALS_LIST_2026-02-17.txt	/home/architit/work/System-/SYSTEM_/System-/journals/JOURNALS_LIST_2026-02-17.txt	acd1b3c65389920861ea700469809524e5f3c45c6de2835044b0e3d46c387e63	acd1b3c65389920861ea700469809524e5f3c45c6de2835044b0e3d46c387e63	OK
3	/home/architit/work/System-	SYSTEM_/System-	matrices	/home/architit/work/System-/memory/MATRICES_LIST_2026-02-17.txt	/home/architit/work/System-/SYSTEM_/System-/matrices/MATRICES_LIST_2026-02-17.txt	ede03169eee10a1643f30485cc33b0020a27e5357e3877ace2a79e393d598b81	ede03169eee10a1643f30485cc33b0020a27e5357e3877ace2a79e393d598b81	OK
3	/home/architit/work/TRIANIUMA_DATA_BASE	TRIANIUMA_DATA_BASE/TRIANIUMA_DATA_BASE	protocols	/home/architit/work/TRIANIUMA_DATA_BASE/memory/PROTOCOLS_LIST_2026-02-17.txt	/home/architit/work/TRIANIUMA_DATA_BASE/TRIANIUMA_DATA_BASE/TRIANIUMA_DATA_BASE/protocols/PROTOCOLS_LIST_2026-02-17.txt	ac5253b7b951b9f797a09a914f4a16e5163a74ec8612d70e41255c5068f88afd	ac5253b7b951b9f797a09a914f4a16e5163a74ec8612d70e41255c5068f88afd	OK
3	/home/architit/work/TRIANIUMA_DATA_BASE	TRIANIUMA_DATA_BASE/TRIANIUMA_DATA_BASE	contracts	/home/architit/work/TRIANIUMA_DATA_BASE/memory/CONTRACTS_LIST_2026-02-17.txt	/home/architit/work/TRIANIUMA_DATA_BASE/TRIANIUMA_DATA_BASE/TRIANIUMA_DATA_BASE/contracts/CONTRACTS_LIST_2026-02-17.txt	f778e7cc7f04a4477925cd84699f7d358cd23a8832590aa7c0470ad75a1f5c71	f778e7cc7f04a4477925cd84699f7d358cd23a8832590aa7c0470ad75a1f5c71	OK
3	/home/architit/work/TRIANIUMA_DATA_BASE	TRIANIUMA_DATA_BASE/TRIANIUMA_DATA_BASE	policies	/home/architit/work/TRIANIUMA_DATA_BASE/memory/POLICIES_LIST_2026-02-17.txt	/home/architit/work/TRIANIUMA_DATA_BASE/TRIANIUMA_DATA_BASE/TRIANIUMA_DATA_BASE/policies/POLICIES_LIST_2026-02-17.txt	ff49202b09cd139c8670f200670c6ecac6e4392e81a9433f17925b9cc9c13c85	ff49202b09cd139c8670f200670c6ecac6e4392e81a9433f17925b9cc9c13c85	OK
3	/home/architit/work/TRIANIUMA_DATA_BASE	TRIANIUMA_DATA_BASE/TRIANIUMA_DATA_BASE	atlas	/home/architit/work/TRIANIUMA_DATA_BASE/memory/ATLAS_LIST_2026-02-17.txt	/home/architit/work/TRIANIUMA_DATA_BASE/TRIANIUMA_DATA_BASE/TRIANIUMA_DATA_BASE/atlas/ATLAS_LIST_2026-02-17.txt	fe79ab3032971ad48fc2cfeb8d7e51f13ef8196f8152c29efb3c2e3c7941b821	fe79ab3032971ad48fc2cfeb8d7e51f13ef8196f8152c29efb3c2e3c7941b821	OK
3	/home/architit/work/TRIANIUMA_DATA_BASE	TRIANIUMA_DATA_BASE/TRIANIUMA_DATA_BASE	maps	/home/architit/work/TRIANIUMA_DATA_BASE/memory/MAPS_LIST_2026-02-17.txt	/home/architit/work/TRIANIUMA_DATA_BASE/TRIANIUMA_DATA_BASE/TRIANIUMA_DATA_BASE/maps/MAPS_LIST_2026-02-17.txt	d767d660f5a09f9b60fbfc98c4271f735509845725b6f3408fc5209447e5c37f	d767d660f5a09f9b60fbfc98c4271f735509845725b6f3408fc5209447e5c37f	OK
3	/home/architit/work/TRIANIUMA_DATA_BASE	TRIANIUMA_DATA_BASE/TRIANIUMA_DATA_BASE	chronologs	/home/architit/work/TRIANIUMA_DATA_BASE/memory/CHRONOLOGS_LIST_2026-02-17.txt	/home/architit/work/TRIANIUMA_DATA_BASE/TRIANIUMA_DATA_BASE/TRIANIUMA_DATA_BASE/chronologs/CHRONOLOGS_LIST_2026-02-17.txt	879e0f7f650ec067d33d4a2927e38d1a265ea3943d55c88aeaa7c3a8abcc2547	879e0f7f650ec067d33d4a2927e38d1a265ea3943d55c88aeaa7c3a8abcc2547	OK
3	/home/architit/work/TRIANIUMA_DATA_BASE	TRIANIUMA_DATA_BASE/TRIANIUMA_DATA_BASE	logs	/home/architit/work/TRIANIUMA_DATA_BASE/memory/LOGS_LIST_2026-02-17.txt	/home/architit/work/TRIANIUMA_DATA_BASE/TRIANIUMA_DATA_BASE/TRIANIUMA_DATA_BASE/logs/LOGS_LIST_2026-02-17.txt	cd5eeefe9c49d1a1eda439994deb34bb1a666d0a26c54641be4db2271291ca8d	cd5eeefe9c49d1a1eda439994deb34bb1a666d0a26c54641be4db2271291ca8d	OK
3	/home/architit/work/TRIANIUMA_DATA_BASE	TRIANIUMA_DATA_BASE/TRIANIUMA_DATA_BASE	journals	/home/architit/work/TRIANIUMA_DATA_BASE/memory/JOURNALS_LIST_2026-02-17.txt	/home/architit/work/TRIANIUMA_DATA_BASE/TRIANIUMA_DATA_BASE/TRIANIUMA_DATA_BASE/journals/JOURNALS_LIST_2026-02-17.txt	acd1b3c65389920861ea700469809524e5f3c45c6de2835044b0e3d46c387e63	acd1b3c65389920861ea700469809524e5f3c45c6de2835044b0e3d46c387e63	OK
3	/home/architit/work/TRIANIUMA_DATA_BASE	TRIANIUMA_DATA_BASE/TRIANIUMA_DATA_BASE	matrices	/home/architit/work/TRIANIUMA_DATA_BASE/memory/MATRICES_LIST_2026-02-17.txt	/home/architit/work/TRIANIUMA_DATA_BASE/TRIANIUMA_DATA_BASE/TRIANIUMA_DATA_BASE/matrices/MATRICES_LIST_2026-02-17.txt	ede03169eee10a1643f30485cc33b0020a27e5357e3877ace2a79e393d598b81	ede03169eee10a1643f30485cc33b0020a27e5357e3877ace2a79e393d598b81	OK
4	/home/architit/work/Trianiuma	TRIANIUMA/Trianiuma	protocols	/home/architit/work/Trianiuma/memory/PROTOCOLS_LIST_2026-02-17.txt	/home/architit/work/Trianiuma/TRIANIUMA/Trianiuma/protocols/PROTOCOLS_LIST_2026-02-17.txt	ac5253b7b951b9f797a09a914f4a16e5163a74ec8612d70e41255c5068f88afd	ac5253b7b951b9f797a09a914f4a16e5163a74ec8612d70e41255c5068f88afd	OK
4	/home/architit/work/Trianiuma	TRIANIUMA/Trianiuma	contracts	/home/architit/work/Trianiuma/memory/CONTRACTS_LIST_2026-02-17.txt	/home/architit/work/Trianiuma/TRIANIUMA/Trianiuma/contracts/CONTRACTS_LIST_2026-02-17.txt	f778e7cc7f04a4477925cd84699f7d358cd23a8832590aa7c0470ad75a1f5c71	f778e7cc7f04a4477925cd84699f7d358cd23a8832590aa7c0470ad75a1f5c71	OK
4	/home/architit/work/Trianiuma	TRIANIUMA/Trianiuma	policies	/home/architit/work/Trianiuma/memory/POLICIES_LIST_2026-02-17.txt	/home/architit/work/Trianiuma/TRIANIUMA/Trianiuma/policies/POLICIES_LIST_2026-02-17.txt	ff49202b09cd139c8670f200670c6ecac6e4392e81a9433f17925b9cc9c13c85	ff49202b09cd139c8670f200670c6ecac6e4392e81a9433f17925b9cc9c13c85	OK
4	/home/architit/work/Trianiuma	TRIANIUMA/Trianiuma	atlas	/home/architit/work/Trianiuma/memory/ATLAS_LIST_2026-02-17.txt	/home/architit/work/Trianiuma/TRIANIUMA/Trianiuma/atlas/ATLAS_LIST_2026-02-17.txt	fe79ab3032971ad48fc2cfeb8d7e51f13ef8196f8152c29efb3c2e3c7941b821	fe79ab3032971ad48fc2cfeb8d7e51f13ef8196f8152c29efb3c2e3c7941b821	OK
4	/home/architit/work/Trianiuma	TRIANIUMA/Trianiuma	maps	/home/architit/work/Trianiuma/memory/MAPS_LIST_2026-02-17.txt	/home/architit/work/Trianiuma/TRIANIUMA/Trianiuma/maps/MAPS_LIST_2026-02-17.txt	d767d660f5a09f9b60fbfc98c4271f735509845725b6f3408fc5209447e5c37f	d767d660f5a09f9b60fbfc98c4271f735509845725b6f3408fc5209447e5c37f	OK
4	/home/architit/work/Trianiuma	TRIANIUMA/Trianiuma	chronologs	/home/architit/work/Trianiuma/memory/CHRONOLOGS_LIST_2026-02-17.txt	/home/architit/work/Trianiuma/TRIANIUMA/Trianiuma/chronologs/CHRONOLOGS_LIST_2026-02-17.txt	879e0f7f650ec067d33d4a2927e38d1a265ea3943d55c88aeaa7c3a8abcc2547	879e0f7f650ec067d33d4a2927e38d1a265ea3943d55c88aeaa7c3a8abcc2547	OK
4	/home/architit/work/Trianiuma	TRIANIUMA/Trianiuma	logs	/home/architit/work/Trianiuma/memory/LOGS_LIST_2026-02-17.txt	/home/architit/work/Trianiuma/TRIANIUMA/Trianiuma/logs/LOGS_LIST_2026-02-17.txt	cd5eeefe9c49d1a1eda439994deb34bb1a666d0a26c54641be4db2271291ca8d	cd5eeefe9c49d1a1eda439994deb34bb1a666d0a26c54641be4db2271291ca8d	OK
4	/home/architit/work/Trianiuma	TRIANIUMA/Trianiuma	journals	/home/architit/work/Trianiuma/memory/JOURNALS_LIST_2026-02-17.txt	/home/architit/work/Trianiuma/TRIANIUMA/Trianiuma/journals/JOURNALS_LIST_2026-02-17.txt	acd1b3c65389920861ea700469809524e5f3c45c6de2835044b0e3d46c387e63	acd1b3c65389920861ea700469809524e5f3c45c6de2835044b0e3d46c387e63	OK
4	/home/architit/work/Trianiuma	TRIANIUMA/Trianiuma	matrices	/home/architit/work/Trianiuma/memory/MATRICES_LIST_2026-02-17.txt	/home/architit/work/Trianiuma/TRIANIUMA/Trianiuma/matrices/MATRICES_LIST_2026-02-17.txt	ede03169eee10a1643f30485cc33b0020a27e5357e3877ace2a79e393d598b81	ede03169eee10a1643f30485cc33b0020a27e5357e3877ace2a79e393d598b81	OK
4	/home/architit/work/Trianiuma_MEM_CORE	TRIANIUMA_MEM_CORE/Trianiuma_MEM_CORE	protocols	/home/architit/work/Trianiuma_MEM_CORE/memory/PROTOCOLS_LIST_2026-02-17.txt	/home/architit/work/Trianiuma_MEM_CORE/TRIANIUMA_MEM_CORE/Trianiuma_MEM_CORE/protocols/PROTOCOLS_LIST_2026-02-17.txt	ac5253b7b951b9f797a09a914f4a16e5163a74ec8612d70e41255c5068f88afd	ac5253b7b951b9f797a09a914f4a16e5163a74ec8612d70e41255c5068f88afd	OK
4	/home/architit/work/Trianiuma_MEM_CORE	TRIANIUMA_MEM_CORE/Trianiuma_MEM_CORE	contracts	/home/architit/work/Trianiuma_MEM_CORE/memory/CONTRACTS_LIST_2026-02-17.txt	/home/architit/work/Trianiuma_MEM_CORE/TRIANIUMA_MEM_CORE/Trianiuma_MEM_CORE/contracts/CONTRACTS_LIST_2026-02-17.txt	f778e7cc7f04a4477925cd84699f7d358cd23a8832590aa7c0470ad75a1f5c71	f778e7cc7f04a4477925cd84699f7d358cd23a8832590aa7c0470ad75a1f5c71	OK
4	/home/architit/work/Trianiuma_MEM_CORE	TRIANIUMA_MEM_CORE/Trianiuma_MEM_CORE	policies	/home/architit/work/Trianiuma_MEM_CORE/memory/POLICIES_LIST_2026-02-17.txt	/home/architit/work/Trianiuma_MEM_CORE/TRIANIUMA_MEM_CORE/Trianiuma_MEM_CORE/policies/POLICIES_LIST_2026-02-17.txt	ff49202b09cd139c8670f200670c6ecac6e4392e81a9433f17925b9cc9c13c85	ff49202b09cd139c8670f200670c6ecac6e4392e81a9433f17925b9cc9c13c85	OK
4	/home/architit/work/Trianiuma_MEM_CORE	TRIANIUMA_MEM_CORE/Trianiuma_MEM_CORE	atlas	/home/architit/work/Trianiuma_MEM_CORE/memory/ATLAS_LIST_2026-02-17.txt	/home/architit/work/Trianiuma_MEM_CORE/TRIANIUMA_MEM_CORE/Trianiuma_MEM_CORE/atlas/ATLAS_LIST_2026-02-17.txt	fe79ab3032971ad48fc2cfeb8d7e51f13ef8196f8152c29efb3c2e3c7941b821	fe79ab3032971ad48fc2cfeb8d7e51f13ef8196f8152c29efb3c2e3c7941b821	OK
4	/home/architit/work/Trianiuma_MEM_CORE	TRIANIUMA_MEM_CORE/Trianiuma_MEM_CORE	maps	/home/architit/work/Trianiuma_MEM_CORE/memory/MAPS_LIST_2026-02-17.txt	/home/architit/work/Trianiuma_MEM_CORE/TRIANIUMA_MEM_CORE/Trianiuma_MEM_CORE/maps/MAPS_LIST_2026-02-17.txt	d767d660f5a09f9b60fbfc98c4271f735509845725b6f3408fc5209447e5c37f	d767d660f5a09f9b60fbfc98c4271f735509845725b6f3408fc5209447e5c37f	OK
4	/home/architit/work/Trianiuma_MEM_CORE	TRIANIUMA_MEM_CORE/Trianiuma_MEM_CORE	chronologs	/home/architit/work/Trianiuma_MEM_CORE/memory/CHRONOLOGS_LIST_2026-02-17.txt	/home/architit/work/Trianiuma_MEM_CORE/TRIANIUMA_MEM_CORE/Trianiuma_MEM_CORE/chronologs/CHRONOLOGS_LIST_2026-02-17.txt	879e0f7f650ec067d33d4a2927e38d1a265ea3943d55c88aeaa7c3a8abcc2547	879e0f7f650ec067d33d4a2927e38d1a265ea3943d55c88aeaa7c3a8abcc2547	OK
4	/home/architit/work/Trianiuma_MEM_CORE	TRIANIUMA_MEM_CORE/Trianiuma_MEM_CORE	logs	/home/architit/work/Trianiuma_MEM_CORE/memory/LOGS_LIST_2026-02-17.txt	/home/architit/work/Trianiuma_MEM_CORE/TRIANIUMA_MEM_CORE/Trianiuma_MEM_CORE/logs/LOGS_LIST_2026-02-17.txt	cd5eeefe9c49d1a1eda439994deb34bb1a666d0a26c54641be4db2271291ca8d	cd5eeefe9c49d1a1eda439994deb34bb1a666d0a26c54641be4db2271291ca8d	OK
4	/home/architit/work/Trianiuma_MEM_CORE	TRIANIUMA_MEM_CORE/Trianiuma_MEM_CORE	journals	/home/architit/work/Trianiuma_MEM_CORE/memory/JOURNALS_LIST_2026-02-17.txt	/home/architit/work/Trianiuma_MEM_CORE/TRIANIUMA_MEM_CORE/Trianiuma_MEM_CORE/journals/JOURNALS_LIST_2026-02-17.txt	acd1b3c65389920861ea700469809524e5f3c45c6de2835044b0e3d46c387e63	acd1b3c65389920861ea700469809524e5f3c45c6de2835044b0e3d46c387e63	OK
4	/home/architit/work/Trianiuma_MEM_CORE	TRIANIUMA_MEM_CORE/Trianiuma_MEM_CORE	matrices	/home/architit/work/Trianiuma_MEM_CORE/memory/MATRICES_LIST_2026-02-17.txt	/home/architit/work/Trianiuma_MEM_CORE/TRIANIUMA_MEM_CORE/Trianiuma_MEM_CORE/matrices/MATRICES_LIST_2026-02-17.txt	ede03169eee10a1643f30485cc33b0020a27e5357e3877ace2a79e393d598b81	ede03169eee10a1643f30485cc33b0020a27e5357e3877ace2a79e393d598b81	OK
